#equipment type,	manufacturer,	model,	tag #
TRACTOR,John Deere,5220,TR-01
TRACTOR,Kubota,M5-111,TR-04
TRACTOR,Ford,4610,TR-05
TRACTOR,Kubota,M7060D,TR-06
TRACTOR,John Deere,5103,TR-07
COMPACT TRACK LOADER,Kubota,SVL95-2s,CTL-02
SKID STEER LOADER,Case,95XT,SSL-01
SKID STEER LOADER,John Deere,324E,SSL-02
BACKHOE LOADER,John Deere,410D,BL-02
BACKHOE LOADER,Case,580 SUPER K,BL-03
TRAILER,Dump Trailer,Double Axle,TL-01
TRAILER,Dump Trailer,Double Axle,TL-02
TRAILER,Office/Store Trailer,Single Axle,TL-06
TRAILER,Dump Trailer - Nando,Double Axle,TL-07
TRAILER,Utility Trailer - small,Single Axle,TL-08
TANKER,Tanker Trailer,Single Axle,TN-01
TANKER,Trailer with Tank,Single Axle,TN-02
TANKER,Tanker Trailer,Double Axle,TN-03
GENERATOR,Magnum,MLG15-01,GR-01
GENERATOR,Champion 1200W/1500W,42451,GR-03
GENERATOR,Ryobi RY3500/4375W,,GR-04
ZERO TURN MOWER,John Deere,777,MW-01
ZERO TURN MOWER,John Deere,F620,MW-02
ZERO TURN MOWER,Exmark Laser Z X-Series,LZX940EKC606W0,MW-03
ZERO TURN MOWER,Cub Cadet,Ultima ZTX6,MW-04
RIDING SNOW BLOWER,Craftsman - used as RIDER now,917.256711,SB-01
WALK BEHIND SNOW BLOWER,"Ariens 24""",920006,SB-02
WALK BEHIND SNOW BLOWER,"Yard Machines 30""",31AH6DKH516,SB-03
WALK BEHIND SNOW BLOWER,"TROY-BILT 45""",31AH97P7563,SB-04
WALK BEHIND SNOW BLOWER,"MTD 45""",31AH97KJ506,SB-05
WALK BEHIND TILLER,"Craftsman Front Tine Tiller- 6HP/26""",944.621551,TI-02
WALK BEHIND LAWN MOWER,"Husqvarna 7021F 21""",961430042,LM-01
WALK BEHIND LAWN MOWER,"Toro 21"", Recycler",20349,LM-02
WALK BEHIND LAWN MOWER,"Yardpro 22""",961480036,LM-03
WALK BEHIND LAWN MOWER,"Toro 21"", Super Recycler",21387,LM-04
WALK BEHIND LAWN MOWER,"Toro 21"", Super Recycler",21387,LM-05
WALK BEHIND LAWN MOWER,"Toro 21"", Super Recycler",21387,LM-06
WALK BEHIND LAWN SPREADER,Yard Commander,,LS-01
]WALK BEHIND LAWN SPREADER,Scotts Turf Builder,Edgeguard DLX,LS-02
WALK BEHIND LAWN SPREADER,Scotts Turf Builder,Edgeguard DLX,LS-03
LAWN ROLLER,Brinly Hardy,PRC-241BH,LR-01
STRING/GRASS TRIMMER,STIHL,FS 111R,ST-01
STRING/GRASS TRIMMER,STIHL,FS 111R,ST-02
STRING/GRASS TRIMMER,STIHL,FS 111R,ST-03
STRING/GRASS TRIMMER,STIHL,FS 111R,ST-04
STRING/GRASS TRIMMER,STIHL,FS 111R,ST-05
STRING/GRASS TRIMMER,TROY-BILT,TB525 EC,ST-06
CHAINSAW,STIHL,,CS-01
CHAINSAW,STIHL,,CS-02
CHAINSAW,STIHL,,CS-03
WALK BEHIND VIBRATORY COMPACTOR,Vibratory Plate Compactor,060-3798-0,VC-01
PRESSURE WASHER,"Coleman Powermate - 2000 psi, 2 gpm",PW0882000,PW-01
PRESSURE WASHER,Husqvarna,PW3200,PW-02
AIR COMPRESSOR,"Husky - 7 HP, 60 Gallon",VT63,AC-01
AIR COMPRESSOR,"Central Pneumatic - 2.5 HP, 8 Gallon",90385,AC-02
AIR COMPRESSOR,Makita - As per inventory staff belongs to TNSC,,AC-03
CONCRETE MIXER,STONE Concrete Mixer,,CM-01
FARM IMPLEMENTS,"Ditching Plough, Single Furrow",,FM-01
FARM IMPLEMENTS,"Multi-Plough, Three Furrow - KVERNELAND",,FM-02
FARM IMPLEMENTS,Disc Plough,,FM-03
FARM IMPLEMENTS,Disc Harrow Packer,,FM-04
FARM IMPLEMENTS,Cultivator/Tine Tiller,,FM-05
FARM IMPLEMENTS,Rotary Tiller - John Deere,550,FM-06
FARM IMPLEMENTS,Chain Harrow,,FM-07
ATTACHMENTS,Snow Pusher - HLA,HLA 3500 EDGEFLEX,AT-01
ATTACHMENTS,Spreader - HLA,HLA HS100 Scatter Shot,AT-02
ATTACHMENTS,Snow Blower- Allied By Farm King,8435,AT-03
ATTACHMENTS,"Loader Bucket, Front End - Kubota (Kubota SVL95-2s)",S6606,AT-04
ATTACHMENTS,"Loader Bucket, Front End (Kubota M5-111)",Kubota Part A M7202,AT-05
ATTACHMENTS,"Loader Bucket, Front End (John Deere 5220)",,AT-06
ATTACHMENTS,"Loader Bucket, Front End (Case 95XT)",,AT-07
ATTACHMENTS,"Loader Bucket, Front End (John Deere 410D)",,AT-08
ATTACHMENTS,"Bucket, Backhoe (John Deere 410D)",,AT-09
ATTACHMENTS,Pallet Fork - VERSATECH HD,,AT-10
ATTACHMENTS,Pallet Fork - HLA,,AT-11
ATTACHMENTS,Spreader,,AT-12
ATTACHMENTS,Rotary Cutter - BECO,,AT-13
ATTACHMENTS,Carpet Pole - Motivation,LCR-2200-120,AT-14
ATTACHMENTS,"Rock Bucket, Front End",,AT-15
ATTACHMENTS,Snow Pusher - PROTECH,SP10L,AT-16
ATTACHMENTS,Snow Blower - Kubota (Kubota M7060),Kubota K74-26-11,AT-17
ATTACHMENTS,"Loader Bucket, Front End (Kubota M7060)",Bucket 210 SM,AT-18
ATTACHMENTS,"Snow Plow, Straight Blade - Martatch",MSB3096UQA,AT-19
ATTACHMENTS,Pallet Fork,,AT-20
ATTACHMENTS,"Loader Bucket, Front End - HLA (John Deere 324E)",SBLP78B0500D6,AT-21
ATTACHMENTS,Loader Bucket. Front End (Case 580 Super K),,AT-22
ATTACHMENTS,"Bucket, Backhoe (Case 580 Super K)",,AT-23
ATTACHMENTS,"Auger, 3-point attachment",cc,AT-24
ATTACHMENTS,Tree Spade - Dutchman's Spade (Case 95XT),4801,TS-01
WATER PUMP,Honda,WB20X,WP-01
WATER PUMP,Honda,WB20X,WP-02
UTILITY VEHICLE,Polaris Ranger,570 EFI,UV-02
UTILITY VEHICLE,Club Car,Precedent Gasoline,UV-03
LEAF BLOWER,"Echo, Backpack",PB-9010T - P53415037997,LB-01
LEAF BLOWER,"Echo, Backpack",PB-9010T - P53415038422,LB-02
TRENCHER,Ditch Witch,3500,TC-01