# equipmentType, Manufacturer, Model,tag #, KEY Identification #,Remarks/Instructions (If Any)
TRACTOR,John Deere,5220,TR-01,38,
TRACTOR,Kubota,M5-111,TR-04,22 / (Spare 31),
TRACTOR,Ford,4610,TR-05,33,
TRACTOR,Kubota,M7060,TR-06,43,
TRACTOR,John Deere,5103,TR-07,,
COMPACT TRACK LOADER,Kubota,SVL95-2s,CTL-02,23 / (Spare 31),
SKID STEER LOADER,Case,95XT,SSL-01,30,
SKID STEER LOADER,John Deere,324E,SSL-02,,
BACKHOE LOADER,John Deere,410D,BL-02,37,
BACKHOE LOADER,Case,580 SUPER K,BL-03,,
TRAILER,Office/Store Trailer,,TL-06,28,Trailer Storage
TRAILER,Office/Store Trailer,,,47,Equipment Tools - Technicians
ZERO TURN MOWER,John Deere,777,MW-01,39,
ZERO TURN MOWER,John Deere,F620,MW-02,40,
ZERO TURN MOWER,Exmark,Laser Z X-Series,MW-03,24,
ZERO TURN MOWER,Cub Cadet,Ultima ZTX6,MW-04,36,
RIDING SNOW BLOWER,Craftsman,,SB-01,29,
WALK BEHIND SNOW BLOWER,"Ariens 24""",,SB-02,,
WALK BEHIND SNOW BLOWER,"Yard Machines 30""",,SB-03,,
WALK BEHIND SNOW BLOWER,"TROY-BILT 45""",,SB-04,42,
WALK BEHIND SNOW BLOWER,"MTD 45""",,SB-05,42,
GENERATOR,Magnum,MLG15-01,GR-01,32,
UTILITY VEHICLE,Polaris Ranger,570 EFI,UV-02,46,
UTILITY VEHICLE,Club Car (Golf Car),Precedent,UV-03,45,