# equipmentType, Manufacturer, tag #,Model,P.I.N./V.I.N./S.No.,Front Tire,Rear Tire,
TRACTOR,John Deere,TR-01,5220,LV5220S422169,"7.50 - 16, 8PR","16.9 - 28, 6PR",
TRACTOR,Kubota,TR-04,M5-111,M5111D51752,280/85R24 (11.2R24),420/85R30 (16.9R30),
TRACTOR,Ford,TR-05,4610,BB30029,9.00 - 10,"18.4 - 16.1, 6PR",
TRACTOR,Kubota,TR-06,M7060D,KBUMFCDCCM8F89736,"12.5/80-18NHS, 10PR","16.9 - 24, 8PR",
TRACTOR,John Deere,TR-07,5103,,,,
COMPACT TRACK LOADER,Kubota,CTL-02,SVL95-2s,KBCZ063CJL1C50656,,,
SKID STEER LOADER,Case,SSL-01,95XT,JAF0363482,"12 - 16.5 NHS, 12PR","12 - 16.5 NHS, 12PR",
SKID STEER LOADER,John Deere,SSL-02,324E,1T0324EBTHG317008,305/70D16.5 NHS(12-16.5 NHS),305/70D16.5 NHS(12-16.5 NHS),
BACKHOE LOADER,John Deere,BL-02,580 SUPER K,JJG0161070,"14 - 17.5 NHS, 10PR","18.4 - 28, 12PR",
BACKHOE LOADER,Case,BL-03,,,305/70D16.5 NHS(12-16.5 NHS),19.5L-24,
TRAILER,Dump Trailer,TL-01,Double Axle,,8-14.5 LT,8 -14.5 LT,
TRAILER,Dump Trailer,TL-02,Double Axle,,"8 -14.5 , 12PR","8 -14.5 , 12PR",
TRAILER,Office/Store Trailer,TL-06,Single Axle,,,,
TRAILER,Dump Trailer - Nando,TL-07,Double Axle,,"ST225/75R15, 10PR","ST225/75R15, 10PR",
TRAILER,Utility Trailer - small,TL-08,Single Axle,,,4.80/4.00-8,
TANKER,Tanker Trailer,TN-01,Single Axle,,,"9.50 - 16.5LT, 8PR",
TANKER,Trailer with Tank,TN-02,Single Axle,,,LT245/75R16,
TANKER,Tanker Trailer,TN-03,Double Axle,,"10.00 - 20, 12PR","10.00 - 20, 12PR",
GENERATOR,Magnum,GR-01,MLG15-01,5AJLS0912DB313418,,"ST205/75R15, 6PR",
GENERATOR,Champion 1200W/1500W,GR-03,42451,,,,
GENERATOR,Ryobi RY3500/4375W,GR-04,,,,,
ZERO TURN MOWER,John Deere,MW-01,777,,,,
ZERO TURN MOWER,John Deere,MW-02,F620,,11 x 4.00 - 5NHS,"20 x 10.00 - 10 NHS, 4PR",
ZERO TURN MOWER,Exmark Laser Z X-Series,MW-03,LZX940EKC606W0,402521300,,,
ZERO TURN MOWER,Cub Cadet,MW-04,Ultima ZTX6,,,,
RIDING SNOW BLOWER,Craftsman - used as RIDER now,SB-01,917.256711,032996D  003311,15 X 6.00 - 6NHS,"20 X 10.00 - 8, 2PR",
WALK BEHIND SNOW BLOWER,"Ariens 24""",SB-02,920006,14951,,4.10 - 6,
WALK BEHIND SNOW BLOWER,"Yard Machines 30""",SB-03,31AH6DKH516,1I210B30418,,16 X 6.50 - 8NHS,
WALK BEHIND SNOW BLOWER,"TROY-BILT 45""",SB-04,31AH97P7563,1J110Z30143,,,
WALK BEHIND SNOW BLOWER,"MTD 45""",SB-05,31AH97KJ506,1J070Z30043,,,
WALK BEHIND TILLER,"Craftsman Front Tine Tiller- 6HP/26""",TI-02,944.621551,09101T001080,,,
WALK BEHIND LAWN MOWER,"Husqvarna 7021F 21""",LM-01,961430042,012110M 000080,,,
WALK BEHIND LAWN MOWER,"Toro 21"", Recycler",LM-02,20349,407164310,,,
WALK BEHIND LAWN MOWER,"Yardpro 22""",LM-03,961480036,031412M 001640,,,
WALK BEHIND LAWN MOWER,"Toro 21"", Super Recycler",LM-04,21387,410154016,,,
WALK BEHIND LAWN MOWER,"Toro 21"", Super Recycler",LM-05,21387,410154010,,,
WALK BEHIND LAWN MOWER,"Toro 21"", Super Recycler",LM-06,21387,410154012,,,
1WALK BEHIND LAWN SPREADER,Yard Commander,LS-01,,,,,
WALK BEHIND LAWN SPREADER,Scotts Turf Builder,LS-02,Edgeguard DLX,,,,
WALK BEHIND LAWN SPREADER,Scotts Turf Builder,LS-03,Edgeguard DLX,,,,
LAWN ROLLER,Brinly Hardy,LR-01,PRC-241BH,,,,
1STRING/GRASS TRIMMER,STIHL,ST-01,FS 111R,,,,
STRING/GRASS TRIMMER,STIHL,ST-02,FS 111R,,,,
STRING/GRASS TRIMMER,STIHL,ST-03,FS 111R,,,,
STRING/GRASS TRIMMER,STIHL,ST-04,FS 111R,,,,
STRING/GRASS TRIMMER,STIHL,ST-05,FS 111R,,,,
STRING/GRASS TRIMMER,TROY-BILT,ST-06,TB525 EC,,,,
CHAINSAW,STIHL,CS-01,,,,,
CHAINSAW,STIHL,CS-02,,,,,
CHAINSAW,STIHL,CS-03,,,,,
WALK BEHIND VIBRATORY COMPACTOR,Vibratory Plate Compactor,VC-01,060-3798-0,Date Code: 6871-03022031,,,
PRESSURE WASHER,"Coleman Powermate - 2000 psi, 2 gpm",PW-01,PW0882000,913500008,,,
PRESSURE WASHER,Husqvarna,PW-02,PW3200,,,,
AIR COMPRESSOR,"Husky - 7 HP, 60 Gallon",AC-01,VT63,,,,
AIR COMPRESSOR,"Central Pneumatic - 2.5 HP, 8 Gallon",AC-02,90385,,,,
AIR COMPRESSOR,Makita - As per inventory staff belongs to TNSC,AC-03,,,,,
CONCRETE MIXER,STONE Concrete Mixer,CM-01,,,,,
FARM IMPLEMENTS,"Ditching Plough, Single Furrow",FM-01,,,,,
FARM IMPLEMENTS,"Multi-Plough, Three Furrow - KVERNELAND",FM-02,,,,,
FARM IMPLEMENTS,Disc Plough,FM-03,,,,,
FARM IMPLEMENTS,Disc Harrow Packer,FM-04,,,,,
FARM IMPLEMENTS,Cultivator/Tine Tiller,FM-05,,,,,
FARM IMPLEMENTS,Rotary Tiller - John Deere,FM-06,550,M00550X160465,,,
FARM IMPLEMENTS,Chain Harrow,FM-07,,,,,
ATTACHMENTS,Snow Pusher - HLA,AT-01,HLA 3500 EDGEFLEX,,,,
ATTACHMENTS,Spreader - HLA,AT-02,HLA HS100 Scatter Shot,,,,
ATTACHMENTS,Snow Blower- Allied By Farm King,AT-03,8435,,,,
ATTACHMENTS,"Loader Bucket, Front End - Kubota (Kubota SVL95-2s)",AT-04,S6606,557989,,,
ATTACHMENTS,"Loader Bucket, Front End (Kubota M5-111)",AT-05,Kubota Part A M7202,,,,
ATTACHMENTS,"Loader Bucket, Front End (John Deere 5220)",AT-06,,,,,
ATTACHMENTS,"Loader Bucket, Front End (Case 95XT)",AT-07,,,,,
ATTACHMENTS,"Loader Bucket, Front End (John Deere 410D)",AT-08,,,,,
ATTACHMENTS,"Bucket, Backhoe (John Deere 410D)",AT-09,,,,,
ATTACHMENTS,Pallet Fork - VERSATECH HD,AT-10,,,,,
ATTACHMENTS,Pallet Fork - HLA,AT-11,,05LA,,,
ATTACHMENTS,Spreader,AT-12,,,,,
ATTACHMENTS,Rotary Cutter - BECO,AT-13,,,,,
ATTACHMENTS,Carpet Pole - Motivation,AT-14,LCR-2200-120,202023282,,,
ATTACHMENTS,"Rock Bucket, Front End",AT-15,,,,,
ATTACHMENTS,Snow Pusher - PROTECH,AT-16,SP10L,,,,
ATTACHMENTS,Snow Blower - Kubota (Kubota M7060D),AT-17,K74-26-11,22018120,,,
ATTACHMENTS,"Loader Bucket, Front End (Kubota M7060D)",AT-18,Bucket 210 SM,116211800373,,,
ATTACHMENTS,"Snow Plow, Straight Blade - Martatch",AT-19,MSB3096UQA,2021-10-1824,,,
ATTACHMENTS,Pallet Fork,AT-20,,,,,
ATTACHMENTS,"Loader Bucket, Front End - HLA (John Deere 324E)",AT-21,SBLP78B0500D6,,,,
ATTACHMENTS,Loader Bucket. Front End (Case 580 Super K),AT-22,,,,,
ATTACHMENTS,"Auger, 3-point attachment",AT-23,,,,,
OTHER ATTACHMENTS,Tree Spade - Dutchman's Spade (Case 95XT),TS-01,4801,1174,,,
WATER PUMP,Honda,WP-01,WB20X,,,,
WATER PUMP,Honda,WP-02,WB20X,,,,
UTILITY VEHICLE,Polaris Ranger,UV-02,570 EFI EDGE,3NSCCA575NE303613,25 x 8.00 -12 NHS,25 x 10.00 -12 NHS,
UTILITY VEHICLE,Club Car,UV-03,Precedent Gasoline,PR1440-501167,23 X 10.5 - 12,23 X 10.5 - 12,
LEAF BLOWER,"Echo, Backpack",LB-01,PB-9010T,P53415037997,,,Oct 21
LEAF BLOWER,"Echo, Backpack",LB-02,PB-9010T,P53415038422,,,Oct 21
TRENCHER,Ditch Witch,TC-01,3500,,26 X 12.00-12NHS,26 X 12.00-12NHS,