# equipmentType, manufacturer, tag #,model,P.I.N./V.I.N./S.No.,Remarks
TRACTOR,John Deere,TR-02,6520L,L06520V361000,Taken back by owner
TRACTOR,John Deere,TR-03,5310,LV5310S231903,Taken back by owner
TRACTOR,John Deere,,4700,LV4700H270625,Taken back by owner
COMPACT TRACK LOADER,Terex,CTL-01,PT110,ASVPT110C3WS00213,TNSC -Sold/Traded
SKID STEER LOADER,John Deere,,315,,Taken back by owner
SKID STEER LOADER,John Deere,,317,,Taken back by owner
BACKHOE LOADER,John Deere,BL-01,310J,1T0310JXKA0186600,Taken back by owner
TRAILER,Flat Bed Trailer,TL-03,Tri-Axle (Orange Paint),,Taken back by owner
TRAILER,Dump Trailer,TL-04,Double Axle (Black Paint),,Taken back by owner
TRAILER,Trailer,TL-05,Double Axle (Green Paint),,Taken back by owner
UTILITY VEHICLE,John Deere,UV-01,HPX GATOR,M0HP4GX031399,Taken back by owner
GENERATOR,Champion 6500W/7800W,GR-02,,,Taken back by owner
ZERO TURN MOWER,John Deere,,Z915E,,Taken back by owner
ZERO TURN MOWER,Husqvarna,,MZ48,,Taken back by owner
RIDING LAWN MOWER,White Outdoor,,LT-200G,,Taken back by owner
WALK BEHIND SNOW BLOWER,Craftsman,,C950-52930-0,,Taken back by owner
WALK BEHIND TILLER,Husqvarna,TI-01,650RTT,,Scrap
AIR COMPRESSOR,Air Compressor,,"No Information,Blue Paint",,Taken back by owner
FARM IMPLEMENTS,Box Blade,,CHE,,Taken back by owner
FARM IMPLEMENTS,"Ground Leveller, Wooden",,(Called Suhaga in Hindi/Punjabi),,Taken back by owner
FARM IMPLEMENTS,Seeder/Planter,,,,Scrap
FARM IMPLEMENTS,Cultivator/Tine Tiller,,,,Taken back by owner
ATTACHMENTS,"Snow Plow, Straight Blade",,No Information,,Taken back by owner
PICKUP TRUCK,FORD,,,,Scrap
PICKUP TRUCK,DODGE,,,,Scrap